{
    "units":[

{
    "name": "ОркРыцарь_0(Clone)",
    "lvl": 0,
    "position": {
        "x": 3.641916275024414,
        "y": 0.0,
        "z": -3.4198970794677736
    },
    "quaternion": {
        "x": 0.0,
        "y": 0.0,
        "z": 0.0,
        "w": 1.0
    }
},
{
    "name": "ОркРыцарь_0(Clone)",
    "lvl": 0,
    "position": {
        "x": 8.545751571655274,
        "y": 0.0,
        "z": -3.4198970794677736
    },
    "quaternion": {
        "x": 0.0,
        "y": 0.0,
        "z": 0.0,
        "w": 1.0
    }
},
{
    "name": "ОркРыцарь_0(Clone)",
    "lvl": 0,
    "position": {
        "x": 12.223627090454102,
        "y": 0.0,
        "z": -3.4198970794677736
    },
    "quaternion": {
        "x": 0.0,
        "y": 0.0,
        "z": 0.0,
        "w": 1.0
    }
}
    ]
}
