{
    "gameObjects":[

{
    "name": "ТХ_1(Clone)",
    "lvl": 1,
    "position": {
        "x": -4.670000076293945,
        "y": 0.9200000762939453,
        "z": -8.062999725341797
    },
    "quaternion": {
        "x": 0.49991273880004885,
        "y": 0.49991273880004885,
        "z": 0.5000872611999512,
        "w": -0.5000872611999512
    },
    "allGoldTime": 0,
    "allRecrutingTime": 0,
    "index": 0,
    "count": 0,
    "isRecruting": false
}
    ],
  "resources":[

{
    "money": 1000000,
    "manPower": 10000000,
    "lvlUnit": [
        0,
        0,
        0,
        0
    ],
    "count": [
        0,
        0,
        0,
        0
    ]
}
  ]
}
